id,expected
0,0.45551676577758804
1,0.32639514528556457
2,0.5133144644813965
3,0.7118473240261034
4,0.7550864986683837
5,0.3545855824386406
6,0.31286851013429207
7,0.2699636790657849
8,0.6990312390381691
9,0.43700878257899134
10,0.6428016447796364
11,0.3493930999842527
12,0.2913273445857315
13,0.4305095407799868
14,0.4508194159997575
15,0.815904857268916
16,0.5939209685632334
17,0.4658212288714071
18,0.38235124303918777
19,0.4787241494383322
