id,category
0,0.29952381171846554
1,0.48615539452783085
2,0.5887120537349301
3,0.45254021848793435
4,0.8390563754156799
5,0.6603359459870121
6,0.3282583440621265
7,0.5247467195899536
8,0.5274768914356571
9,0.7954354596939184
10,0.6367881788145257
11,0.6708820931244042
12,0.28485803643041396
13,0.4182977772232134
14,0.1860272463687368
15,0.7733440006635767
16,0.7162275542350751
17,0.6899616447361586
18,0.32344403712697933
19,0.5676577285128133
